<?xml version='1.0' encoding='UTF-8' ?>
<timeLogEntries>
  <time id="1" path="/Non Project/PSP Fundamentals &amp; Advanced/Program 1/Planning" start="@1584681204917" delta="1" />
  <time id="2" path="/Non Project/PSP Fundamentals &amp; Advanced/Program 1/Planning" start="@1584681208404" delta="1" />
  <time id="3" path="/Non Project/PSP Fundamentals &amp; Advanced/Program 1/Design" start="@1584846052478" delta="62" />
  <time id="4" path="/Non Project/PSP Fundamentals &amp; Advanced/Program 1/Code" start="@1584849768486" delta="26" />
  <time id="5" path="/Non Project/PSP Fundamentals &amp; Advanced/Program 1/Test" start="@1584851310855" delta="18" />
  <time id="6" path="/Non Project/PSP Fundamentals &amp; Advanced/Program 1/Code" start="@1584904972835" delta="115" />
  <time id="7" path="/Non Project/PSP Fundamentals &amp; Advanced/Program 1/Compile" start="@1584911890969" delta="59" />
  <time id="8" path="/Non Project/PSP Fundamentals &amp; Advanced/Program 1/Planning" start="@1584915423564" delta="32" />
  <time id="9" path="/Non Project/PSP Fundamentals &amp; Advanced/Program 1/Compile" start="@1584917357442" delta="46" />
  <time id="10" path="/Non Project/PSP Fundamentals &amp; Advanced/Program 1/Code" start="@1584920142896" delta="32" />
  <time id="11" path="/Non Project/PSP Fundamentals &amp; Advanced/Program 1/Design" start="@1584922088611" delta="46" />
  <time id="12" path="/Non Project/PSP Fundamentals &amp; Advanced/Program 1/Test" start="@1584924842775" delta="18" />
  <time id="13" path="/Non Project/PSP Fundamentals &amp; Advanced/Program 1/Planning" start="@1584925959171" delta="163" />
  <time id="14" path="/Non Project/PSP Fundamentals &amp; Advanced/Program 1/Test" start="@1584935750283" delta="50" />
  <time id="15" path="/Non Project/PSP Fundamentals &amp; Advanced/Program 1/Code" start="@1584992063600" delta="118" />
  <time id="16" path="/Non Project/PSP Fundamentals &amp; Advanced/Program 1/Design" start="@1584999144784" delta="118" />
  <time id="17" path="/Non Project/PSP Fundamentals &amp; Advanced/Program 1/Code" start="@1585006246234" delta="145" />
  <time id="18" path="/Non Project/PSP Fundamentals &amp; Advanced/Program 1/Design" start="@1585014933122" delta="136" interrupt="2" />
</timeLogEntries>
